{"cameraMode":{"drawMode":0,"name":"Shaded","section":"Shading Mode"},"sceneLighting":false,"audioPlay":false,"sceneViewState":{"m_AlwaysRefresh":false,"showFog":true,"showSkybox":false,"showFlares":true,"showImageEffects":true,"showParticleSystems":true,"showVisualEffectGraphs":true,"m_FxEnabled":true},"in2DMode":false,"pivot":{"x":35.101375579833987,"y":11.136992454528809,"z":-17.98745346069336},"rotation":{"x":0.34462836384773257,"y":0.3170013129711151,"z":-0.12490493059158325,"w":0.8747383952140808},"size":10.300789833068848,"orthographic":false}