{"cameraMode":{"drawMode":0,"name":"Shaded","section":"Shading Mode"},"sceneLighting":false,"audioPlay":false,"sceneViewState":{"m_AlwaysRefresh":false,"showFog":true,"showSkybox":false,"showFlares":true,"showImageEffects":true,"showParticleSystems":true,"showVisualEffectGraphs":true,"m_FxEnabled":true},"in2DMode":false,"pivot":{"x":11.263829231262207,"y":5.062014102935791,"z":46.47944641113281},"rotation":{"x":0.30970653891563418,"y":-0.04877353459596634,"z":0.015897082164883615,"w":0.9494602680206299},"size":10.129740715026856,"orthographic":false}