{"cameraMode":{"drawMode":0,"name":"Shaded","section":"Shading Mode"},"sceneLighting":false,"audioPlay":false,"sceneViewState":{"m_AlwaysRefresh":false,"showFog":true,"showSkybox":false,"showFlares":true,"showImageEffects":true,"showParticleSystems":true,"showVisualEffectGraphs":true,"m_FxEnabled":true},"in2DMode":false,"pivot":{"x":448.5963439941406,"y":24.614591598510743,"z":433.1737060546875},"rotation":{"x":0.30970653891563418,"y":-0.04877353459596634,"z":0.015897082164883615,"w":0.9494602680206299},"size":1.1222097873687745,"orthographic":false}