{"cameraMode":{"drawMode":0,"name":"Shaded","section":"Shading Mode"},"sceneLighting":false,"audioPlay":false,"sceneViewState":{"m_AlwaysRefresh":false,"showFog":true,"showSkybox":false,"showFlares":true,"showImageEffects":true,"showParticleSystems":true,"showVisualEffectGraphs":true,"m_FxEnabled":true},"in2DMode":false,"pivot":{"x":3.004822254180908,"y":6.227792739868164,"z":-1.4929612874984742},"rotation":{"x":0.30970653891563418,"y":-0.04877353459596634,"z":0.015897082164883615,"w":0.9494602680206299},"size":9.759726524353028,"orthographic":false}