{"cameraMode":{"drawMode":0,"name":"Shaded","section":"Shading Mode"},"sceneLighting":false,"audioPlay":false,"sceneViewState":{"m_AlwaysRefresh":false,"showFog":true,"showSkybox":false,"showFlares":true,"showImageEffects":true,"showParticleSystems":true,"showVisualEffectGraphs":true,"m_FxEnabled":true},"in2DMode":false,"pivot":{"x":-0.35427603125572207,"y":0.7618203163146973,"z":-2.040569305419922},"rotation":{"x":0.004241380840539932,"y":-0.9951096177101135,"z":0.08559995889663696,"w":0.049274493008852008},"size":2.168429374694824,"orthographic":false}